IMG_1,295
IMG_10,7
IMG_100,51
IMG_101,17
IMG_102,4
IMG_103,12
IMG_104,139
IMG_105,9
IMG_106,44
IMG_107,1
IMG_108,54
IMG_109,63
IMG_11,120
IMG_110,2
IMG_111,41
IMG_112,423
IMG_113,103
IMG_114,35
IMG_115,27
IMG_116,104
IMG_117,37
IMG_118,64
IMG_119,23
IMG_12,184
IMG_120,150
IMG_121,36
IMG_122,89
IMG_123,13
IMG_124,74
IMG_125,4
IMG_126,58
IMG_127,53
IMG_128,100
IMG_129,5
IMG_13,1
IMG_130,72
IMG_131,142
IMG_132,68
IMG_133,39
IMG_134,47
IMG_135,
IMG_136,67
IMG_137,11
IMG_138,85
IMG_139,78
IMG_14,22
IMG_140,64
IMG_141,85
IMG_142,49
IMG_143,18
IMG_144,1
IMG_145,4
IMG_146,29
IMG_147,22
IMG_148,14
IMG_149,198
IMG_15,1
IMG_150,105
IMG_151,122
IMG_152,77
IMG_153,149
IMG_154,47
IMG_155,56
IMG_156,56
IMG_157,16
IMG_158,9
IMG_159,121
IMG_16,14
IMG_160,5
IMG_161,13
IMG_162,35
IMG_163,6
IMG_164,281
IMG_165,105
IMG_166,49
IMG_167,21
IMG_168,53
IMG_169,12
IMG_17,115
IMG_170,89
IMG_171,374
IMG_172,2
IMG_173,45
IMG_174,19
IMG_175,69
IMG_176,29
IMG_177,9
IMG_178,107
IMG_179,58
IMG_18,10
IMG_180,130
IMG_181,34
IMG_182,79
IMG_183,116
IMG_184,344
IMG_185,49
IMG_186,320
IMG_187,17
IMG_188,1
IMG_189,125
IMG_19,114
IMG_190,12
IMG_191,66
IMG_192,7
IMG_193,13
IMG_194,28
IMG_195,6
IMG_196,68
IMG_197,171
IMG_198,144
IMG_199,42
IMG_2,41
IMG_20,4
IMG_200,14
IMG_201,65
IMG_202,31
IMG_203,59
IMG_204,17
IMG_205,4
IMG_206,20
IMG_207,37
IMG_208,75
IMG_209,72
IMG_21,5
IMG_210,6
IMG_211,36
IMG_212,24
IMG_213,12
IMG_214,244
IMG_215,110
IMG_216,22
IMG_217,70
IMG_218,113
IMG_219,222
IMG_22,28
IMG_220,58
IMG_221,143
IMG_222,93
IMG_223,59
IMG_224,16
IMG_225,81
IMG_226,60
IMG_227,11
IMG_228,10
IMG_229,220
IMG_23,8
IMG_230,73
IMG_231,35
IMG_232,13
IMG_233,66
IMG_234,88
IMG_235,22
IMG_236,157
IMG_237,283
IMG_238,49
IMG_239,15
IMG_24,5
IMG_240,
IMG_241,14
IMG_242,129
IMG_243,21
IMG_244,37
IMG_245,7
IMG_246,170
IMG_247,75
IMG_248,41
IMG_249,49
IMG_25,40
IMG_250,37
IMG_251,70
IMG_252,33
IMG_253,177
IMG_254,14
IMG_255,100
IMG_256,5
IMG_257,71
IMG_258,103
IMG_259,34
IMG_26,56
IMG_260,138
IMG_261,73
IMG_262,744
IMG_263,192
IMG_264,4
IMG_265,10
IMG_266,44
IMG_267,148
IMG_268,254
IMG_269,65
IMG_27,63
IMG_270,111
IMG_271,71
IMG_272,12
IMG_273,61
IMG_274,20
IMG_275,91
IMG_276,104
IMG_277,39
IMG_278,14
IMG_279,69
IMG_28,291
IMG_280,10
IMG_281,1
IMG_282,31
IMG_283,124
IMG_284,145
IMG_285,16
IMG_286,33
IMG_287,198
IMG_288,20
IMG_289,1
IMG_29,63
IMG_290,7
IMG_291,28
IMG_292,38
IMG_293,15
IMG_294,141
IMG_295,67
IMG_296,39
IMG_297,6
IMG_298,418
IMG_299,421
IMG_3,8
IMG_30,15
IMG_300,33
IMG_31,1
IMG_32,29
IMG_33,64
IMG_34,62
IMG_35,30
IMG_36,19
IMG_37,32
IMG_38,43
IMG_39,37
IMG_4,111
IMG_40,35
IMG_41,48
IMG_42,21
IMG_43,32
IMG_44,155
IMG_45,181
IMG_46,22
IMG_47,114
IMG_48,78
IMG_49,26
IMG_5,40
IMG_50,73
IMG_51,16
IMG_52,0
IMG_53,4
IMG_54,77
IMG_55,14
IMG_56,70
IMG_57,104
IMG_58,166
IMG_59,12
IMG_6,90
IMG_60,3
IMG_61,8
IMG_62,231
IMG_63,4
IMG_64,23
IMG_65,31
IMG_66,119
IMG_67,27
IMG_68,8
IMG_69,36
IMG_7,21
IMG_70,16
IMG_71,88
IMG_72,85
IMG_73,25
IMG_74,91
IMG_75,21
IMG_76,28
IMG_77,21
IMG_78,16
IMG_79,332
IMG_8,41
IMG_80,49
IMG_81,127
IMG_82,10
IMG_83,47
IMG_84,213
IMG_85,113
IMG_86,89
IMG_87,3
IMG_88,41
IMG_89,38
IMG_9,49
IMG_90,20
IMG_91,62
IMG_92,83
IMG_93,121
IMG_94,357
IMG_95,29
IMG_96,62
IMG_97,51
IMG_98,57
IMG_99,94
